INSERT INTO UTILISATEUR (idUtilisateur, pseudo, password) VALUES
(1, 'Pixa', '2e44118c06a1d5de31e551f83549ba3d9a421accf98673239ee02e4d56bc4bb1'),
(2, 'Fred', '401f1721a42a814961323c460dd7d2036231ddf590b5d898c9cd086a46526bdb'), /* password: Fred */
(3, 'Fred2', 'a0889f665dcea3becfd41c1839be6155cb193a341770f497cfe193805098dfe2'); /* password: Fred2 */

INSERT INTO FOLLOW (idUtilisateur1, idUtilisateur2) VALUES
(1, 2),
(1, 3),
(3, 2);

INSERT INTO MESSAGES (idMessage, idUtilisateur, contenuMessage, dateEnvoiMessage) VALUES
(1, 2, 'Salut tout le monde', '2024-01-20 14:33:47'),
(2, 3, 'Heya', '2024-01-20 14:33:55'),
(3, 2, 'Comment allez vous?', '2024-01-20 14:34:30'),
(4, 3, 'Salut tout le monde ;)', '2024-01-20 14:34:58'),
(5, 1, 'Heya :D', '2024-01-20 14:35:01'),
(6, 2, 'a', '2024-01-20 14:43:48'),
(7, 2, 'a', '2024-01-20 14:43:49'),
(8, 2, 'a', '2024-01-20 14:43:49'),
(9, 2, 'a', '2024-01-20 14:43:49'),
(10, 2, 'a', '2024-01-20 14:43:49'),
(11, 2, 'a', '2024-01-20 14:43:49'),
(12, 2, 'a', '2024-01-20 14:43:50'),
(13, 2, 'a', '2024-01-20 14:43:50'),
(14, 2, 'a', '2024-01-20 14:43:50'),
(15, 2, 'a', '2024-01-20 14:43:50'),
(16, 2, 'a', '2024-01-20 14:43:50'),
(17, 2, 'a', '2024-01-20 14:43:51'),
(18, 2, 'aaaa', '2024-01-20 14:43:52'),
(19, 2, 'aaaaaaaaaaa', '2024-01-20 14:43:53'),
(20, 2, 'coucou Pixa!', '2024-01-20 14:43:56'),
(21, 2, 'aaa', '2024-01-20 14:43:57'),
(22, 2, 'aa', '2024-01-20 14:43:57'),
(23, 2, 'a', '2024-01-20 14:43:57'),
(24, 2, 'aa', '2024-01-20 14:43:58'),
(25, 3, 'Hi', '2024-01-20 14:58:15'),
(26, 1, 'yes', '2024-01-20 15:20:02'),
(27, 3, 'Hello', '2024-01-20 16:17:06'),
(28, 1, 'yes', '2024-01-20 16:46:43');

INSERT INTO LIKES (idUtilisateur, idMessage) VALUES
(1, 1),
(1, 2),
(1, 3),
(2, 1),
(2, 2),
(3, 1),
(3, 2),
(3, 3);